{"blocks":[{"x":100,"y":20,"text":"","width":100,"height":40,"type":"Блок","isMenuBlock":false,"fontSize":14,"textHeight":14,"isBold":false,"isItalic":false,"textAlign":"center","labelsPosition":1},{"x":520,"y":120,"text":"Ввод координат фигур","width":180,"height":80,"type":"Блок","isMenuBlock":false,"fontSize":14,"textHeight":14,"isBold":false,"isItalic":false,"textAlign":"center","labelsPosition":1},{"x":90,"y":20,"text":"","width":100,"height":40,"type":"Условие","isMenuBlock":false,"fontSize":14,"textHeight":14,"isBold":false,"isItalic":false,"textAlign":"center","labelsPosition":1},{"x":520,"y":270,"text":"Правильно введены\nкоординаты?","width":180,"height":100,"type":"Условие","isMenuBlock":false,"fontSize":14,"textHeight":14,"isBold":false,"isItalic":false,"textAlign":"center","labelsPosition":1},{"x":520,"y":530,"text":"Короля не атакует\nникакая фигура","width":140,"height":80,"type":"Ввод / вывод","isMenuBlock":false,"fontSize":14,"textHeight":14,"isBold":false,"isItalic":false,"textAlign":"center","labelsPosition":1},{"x":1310,"y":920,"text":"Ладья объявляет шах\nкоролю","width":180,"height":80,"type":"Ввод / вывод","isMenuBlock":false,"fontSize":14,"textHeight":14,"isBold":false,"isItalic":false,"textAlign":"center","labelsPosition":1},{"x":1020,"y":540,"text":"Вертикаль\n или горизонталь ладьи и \nкороля\nсовпадают?","width":200,"height":120,"type":"Условие","isMenuBlock":false,"fontSize":14,"textHeight":14,"isBold":false,"isItalic":false,"textAlign":"center","labelsPosition":1},{"x":790,"y":730,"text":"Модуль разности\nгоризонтали слона и короля\nравен модулю разности\nих вертикалей?","width":260,"height":180,"type":"Условие","isMenuBlock":false,"fontSize":14,"textHeight":14,"isBold":false,"isItalic":false,"textAlign":"center","labelsPosition":1},{"x":1060,"y":1200,"text":"Ладья перекрывает шах\nот слона","width":180,"height":80,"type":"Ввод / вывод","isMenuBlock":false,"fontSize":14,"textHeight":14,"isBold":false,"isItalic":false,"textAlign":"center","labelsPosition":1},{"x":440,"y":1190,"text":"Слон объявляет шах\nкоролю","width":180,"height":80,"type":"Ввод / вывод","isMenuBlock":false,"fontSize":14,"textHeight":14,"isBold":false,"isItalic":false,"textAlign":"center","labelsPosition":1},{"x":790,"y":1010,"text":"Модуль разности горизонтали ладьи\nи слона равен модулю разности\nвертикали ладьи и слона\nИ\nМодуль разности короля и ладьи равен \nмодулю разности их вертикалей\nИ\nВертикаль ладьи больше вертикали\nслона, которая больше вертикали\nкороля. \nИЛИ\nВертикаль ладьи меньше\nвертикали слона, которая\nменьше вертикали короля?","width":440,"height":300,"type":"Условие","isMenuBlock":false,"fontSize":14,"textHeight":14,"isBold":false,"isItalic":false,"textAlign":"center","labelsPosition":1},{"x":760,"y":410,"text":"Король под атакой?","width":180,"height":100,"type":"Условие","isMenuBlock":false,"fontSize":14,"textHeight":14,"isBold":false,"isItalic":false,"textAlign":"center","labelsPosition":1},{"x":1310,"y":710,"text":"Вертикаль ИЛИ \nгоризанталь всех\nфигур равны? ","width":200,"height":140,"type":"Условие","isMenuBlock":false,"fontSize":14,"textHeight":14,"isBold":false,"isItalic":false,"textAlign":"center","labelsPosition":1},{"x":1940,"y":1220,"text":"Слон перекрывает шах\nот ладьи","width":180,"height":80,"type":"Ввод / вывод","isMenuBlock":false,"fontSize":14,"textHeight":14,"isBold":false,"isItalic":false,"textAlign":"center","labelsPosition":1},{"x":1700,"y":1020,"text":"Вертикаль слона больше вертикали ладьи, которая больше \nвертикали короля или вертикаль слона меньше вертикали\nладьи, которая меньше вертикали короля\nИЛИ\nГоризонталь слона больше горизонтали ладьи, которая\nбольше горизонтали короля или\nГоризонталь слона меньше горизонтали ладьи,\nкоторая меньше горизонтали короля?","width":440,"height":300,"type":"Условие","isMenuBlock":false,"fontSize":14,"textHeight":14,"isBold":false,"isItalic":false,"textAlign":"center","labelsPosition":1}],"arrows":[{"startIndex":1,"endIndex":3,"startConnectorIndex":2,"endConnectorIndex":0,"nodes":[{"x":520,"y":160},{"x":520,"y":200},{"x":520,"y":220}],"counts":[1,1,1]},{"startIndex":11,"endIndex":4,"startConnectorIndex":3,"endConnectorIndex":0,"nodes":[{"x":670,"y":410},{"x":520,"y":410},{"x":520,"y":470},{"x":520,"y":490}],"counts":[1,1,1,1]},{"startIndex":11,"endIndex":6,"startConnectorIndex":1,"endConnectorIndex":0,"nodes":[{"x":850,"y":410},{"x":1020,"y":410},{"x":1020,"y":460},{"x":1020,"y":480}],"counts":[1,1,1,1]},{"startIndex":3,"endIndex":11,"startConnectorIndex":1,"endConnectorIndex":0,"nodes":[{"x":610,"y":270},{"x":760,"y":270},{"x":760,"y":340},{"x":760,"y":360}],"counts":[1,1,1,1]},{"startIndex":6,"endIndex":7,"startConnectorIndex":3,"endConnectorIndex":0,"nodes":[{"x":920,"y":540},{"x":790,"y":540},{"x":790,"y":620},{"x":790,"y":640}],"counts":[1,1,1,1]},{"startIndex":7,"endIndex":4,"startConnectorIndex":3,"endConnectorIndex":2,"nodes":[{"x":660,"y":730},{"x":520,"y":730},{"x":520,"y":590},{"x":520,"y":570}],"counts":[1,1,1,1]},{"startIndex":6,"endIndex":12,"startConnectorIndex":1,"endConnectorIndex":0,"nodes":[{"x":1120,"y":540},{"x":1310,"y":540},{"x":1310,"y":620},{"x":1310,"y":640}],"counts":[1,1,1,1]},{"startIndex":12,"endIndex":5,"startConnectorIndex":3,"endConnectorIndex":0,"nodes":[{"x":1210,"y":710},{"x":1120,"y":710},{"x":1120,"y":820},{"x":1310,"y":820},{"x":1310,"y":860},{"x":1310,"y":880}],"counts":[1,1,1,1,1,1]},{"startIndex":7,"endIndex":10,"startConnectorIndex":1,"endConnectorIndex":0,"nodes":[{"x":920,"y":730},{"x":940,"y":730},{"x":940,"y":840},{"x":790,"y":840},{"x":790,"y":860}],"counts":[1,1,1,1,1]},{"startIndex":10,"endIndex":8,"startConnectorIndex":1,"endConnectorIndex":0,"nodes":[{"x":1010,"y":1010},{"x":1060,"y":1010},{"x":1060,"y":1140},{"x":1060,"y":1160}],"counts":[1,1,1,1]},{"startIndex":10,"endIndex":9,"startConnectorIndex":3,"endConnectorIndex":0,"nodes":[{"x":570,"y":1010},{"x":440,"y":1010},{"x":440,"y":1130},{"x":440,"y":1150}],"counts":[1,1,1,1]},{"startIndex":14,"endIndex":5,"startConnectorIndex":3,"endConnectorIndex":2,"nodes":[{"x":1480,"y":1020},{"x":1310,"y":1020},{"x":1310,"y":980},{"x":1310,"y":960}],"counts":[1,1,1,1]},{"startIndex":14,"endIndex":13,"startConnectorIndex":1,"endConnectorIndex":0,"nodes":[{"x":1920,"y":1020},{"x":1940,"y":1020},{"x":1940,"y":1160},{"x":1940,"y":1180}],"counts":[1,1,1,1]},{"startIndex":12,"endIndex":14,"startConnectorIndex":1,"endConnectorIndex":0,"nodes":[{"x":1410,"y":710},{"x":1700,"y":710},{"x":1700,"y":850},{"x":1700,"y":870}],"counts":[1,1,1,1]}],"x0":616.3333333333333,"y0":60.66666666666663}