{"blocks":[{"x":100,"y":20,"text":"","width":100,"height":40,"type":"Блок","isMenuBlock":false,"fontSize":14,"textHeight":14,"isBold":false,"isItalic":false,"textAlign":"center","labelsPosition":1},{"x":520,"y":120,"text":"Ввод координат фигур","width":180,"height":80,"type":"Блок","isMenuBlock":false,"fontSize":14,"textHeight":14,"isBold":false,"isItalic":false,"textAlign":"center","labelsPosition":1},{"x":90,"y":20,"text":"","width":100,"height":40,"type":"Условие","isMenuBlock":false,"fontSize":14,"textHeight":14,"isBold":false,"isItalic":false,"textAlign":"center","labelsPosition":1},{"x":520,"y":530,"text":"Короля не атакует\nникакая фигура","width":140,"height":80,"type":"Ввод / вывод","isMenuBlock":false,"fontSize":14,"textHeight":14,"isBold":false,"isItalic":false,"textAlign":"center","labelsPosition":1},{"x":1310,"y":920,"text":"Ладья объявляет шах\nкоролю","width":180,"height":80,"type":"Ввод / вывод","isMenuBlock":false,"fontSize":14,"textHeight":14,"isBold":false,"isItalic":false,"textAlign":"center","labelsPosition":1},{"x":1020,"y":540,"text":"Вертикаль\n или горизонталь ладьи и \nкороля\nсовпадают?","width":200,"height":120,"type":"Условие","isMenuBlock":false,"fontSize":14,"textHeight":14,"isBold":false,"isItalic":false,"textAlign":"center","labelsPosition":1},{"x":760,"y":410,"text":"Король под атакой?","width":180,"height":100,"type":"Условие","isMenuBlock":false,"fontSize":14,"textHeight":14,"isBold":false,"isItalic":false,"textAlign":"center","labelsPosition":1},{"x":1310,"y":710,"text":"Вертикаль ИЛИ \nгоризанталь всех\nфигур равны? ","width":200,"height":140,"type":"Условие","isMenuBlock":false,"fontSize":14,"textHeight":14,"isBold":false,"isItalic":false,"textAlign":"center","labelsPosition":1},{"x":520,"y":270,"text":"Правильно введены\nкоординаты?","width":180,"height":100,"type":"Условие","isMenuBlock":false,"fontSize":14,"textHeight":14,"isBold":false,"isItalic":false,"textAlign":"center","labelsPosition":1},{"x":230,"y":270,"text":"Ошибка","width":140,"height":70,"type":"Начало / конец","isMenuBlock":false,"fontSize":14,"textHeight":14,"isBold":false,"isItalic":false,"textAlign":"center","labelsPosition":1},{"x":790,"y":730,"text":"Слон находится на той же\nдиагонали что и король?","width":260,"height":180,"type":"Условие","isMenuBlock":false,"fontSize":14,"textHeight":14,"isBold":false,"isItalic":false,"textAlign":"center","labelsPosition":1},{"x":740,"y":1080,"text":"Слон объявляет шах\nкоролю","width":180,"height":80,"type":"Ввод / вывод","isMenuBlock":false,"fontSize":14,"textHeight":14,"isBold":false,"isItalic":false,"textAlign":"center","labelsPosition":1},{"x":940,"y":940,"text":"На диагонали между \nслоном и королём\nесть ладья?","width":240,"height":180,"type":"Условие","isMenuBlock":false,"fontSize":14,"textHeight":14,"isBold":false,"isItalic":false,"textAlign":"center","labelsPosition":1},{"x":1080,"y":1080,"text":"Ладья перекрывает шах\nот слона","width":180,"height":80,"type":"Ввод / вывод","isMenuBlock":false,"fontSize":14,"textHeight":14,"isBold":false,"isItalic":false,"textAlign":"center","labelsPosition":1},{"x":1580,"y":1000,"text":"На горизонтали или вертикали\n между ладьёй и королём\nесть слон?","width":260,"height":220,"type":"Условие","isMenuBlock":false,"fontSize":14,"textHeight":14,"isBold":false,"isItalic":false,"textAlign":"center","labelsPosition":1},{"x":1810,"y":1080,"text":"Слон перекрывает шах\nот ладьи","width":180,"height":80,"type":"Ввод / вывод","isMenuBlock":false,"fontSize":14,"textHeight":14,"isBold":false,"isItalic":false,"textAlign":"center","labelsPosition":1}],"arrows":[{"startIndex":1,"endIndex":8,"startConnectorIndex":2,"endConnectorIndex":0,"nodes":[{"x":520,"y":160},{"x":520,"y":200},{"x":520,"y":220}],"counts":[1,1,1]},{"startIndex":6,"endIndex":3,"startConnectorIndex":3,"endConnectorIndex":0,"nodes":[{"x":670,"y":410},{"x":520,"y":410},{"x":520,"y":470},{"x":520,"y":490}],"counts":[1,1,1,1]},{"startIndex":6,"endIndex":5,"startConnectorIndex":1,"endConnectorIndex":0,"nodes":[{"x":850,"y":410},{"x":1020,"y":410},{"x":1020,"y":460},{"x":1020,"y":480}],"counts":[1,1,1,1]},{"startIndex":8,"endIndex":6,"startConnectorIndex":1,"endConnectorIndex":0,"nodes":[{"x":610,"y":270},{"x":760,"y":270},{"x":760,"y":340},{"x":760,"y":360}],"counts":[1,1,1,1]},{"startIndex":5,"endIndex":10,"startConnectorIndex":3,"endConnectorIndex":0,"nodes":[{"x":920,"y":540},{"x":790,"y":540},{"x":790,"y":620},{"x":790,"y":640}],"counts":[1,1,1,1]},{"startIndex":10,"endIndex":3,"startConnectorIndex":3,"endConnectorIndex":2,"nodes":[{"x":660,"y":730},{"x":520,"y":730},{"x":520,"y":590},{"x":520,"y":570}],"counts":[1,1,1,1]},{"startIndex":5,"endIndex":7,"startConnectorIndex":1,"endConnectorIndex":0,"nodes":[{"x":1120,"y":540},{"x":1310,"y":540},{"x":1310,"y":620},{"x":1310,"y":640}],"counts":[1,1,1,1]},{"startIndex":7,"endIndex":4,"startConnectorIndex":3,"endConnectorIndex":0,"nodes":[{"x":1210,"y":710},{"x":1120,"y":710},{"x":1120,"y":820},{"x":1310,"y":820},{"x":1310,"y":860},{"x":1310,"y":880}],"counts":[1,1,1,1,1,1]},{"startIndex":10,"endIndex":12,"startConnectorIndex":1,"endConnectorIndex":0,"nodes":[{"x":920,"y":730},{"x":940,"y":730},{"x":940,"y":830},{"x":940,"y":850}],"counts":[1,1,1,1]},{"startIndex":12,"endIndex":13,"startConnectorIndex":1,"endConnectorIndex":0,"nodes":[{"x":1060,"y":940},{"x":1080,"y":940},{"x":1080,"y":1020},{"x":1080,"y":1040}],"counts":[1,1,1,1]},{"startIndex":12,"endIndex":11,"startConnectorIndex":3,"endConnectorIndex":0,"nodes":[{"x":820,"y":940},{"x":740,"y":940},{"x":740,"y":1020},{"x":740,"y":1040}],"counts":[1,1,1,1]},{"startIndex":14,"endIndex":4,"startConnectorIndex":3,"endConnectorIndex":2,"nodes":[{"x":1450,"y":1000},{"x":1310,"y":1000},{"x":1310,"y":980},{"x":1310,"y":960}],"counts":[1,1,1,1]},{"startIndex":14,"endIndex":15,"startConnectorIndex":1,"endConnectorIndex":0,"nodes":[{"x":1710,"y":1000},{"x":1810,"y":1000},{"x":1810,"y":1020},{"x":1810,"y":1040}],"counts":[1,1,1,1]},{"startIndex":7,"endIndex":14,"startConnectorIndex":1,"endConnectorIndex":0,"nodes":[{"x":1410,"y":710},{"x":1580,"y":710},{"x":1580,"y":870},{"x":1580,"y":890}],"counts":[1,1,1,1]},{"startIndex":8,"endIndex":9,"startConnectorIndex":3,"endConnectorIndex":1,"nodes":[{"x":430,"y":270},{"x":320,"y":270},{"x":300,"y":270}],"counts":[1,1,1]}],"x0":446.4999999999999,"y0":-23.5}